scope,language_style,notice_family,n,correct_at_1,section_precision_at_1,reciprocal_rank_sum,section_mrr,hit_at_5_count,section_hit_at_5
overall,all,all,15,12,0.8,13.033333333333333,0.8688888888888889,15,1.0
language_style,naive,all,10,8,0.8,8.833333333333332,0.8833333333333332,10,1.0
language_style,expert,all,5,4,0.8,4.2,0.8400000000000001,5,1.0
notice_family,all,balance_collection,4,3,0.75,3.5,0.875,4,1.0
notice_family,all,installment_agreement,1,1,1.0,1.0,1.0,1,1.0
notice_family,all,levy_cdp,1,1,1.0,1.0,1.0,1,1.0
notice_family,all,non_filer,5,4,0.8,4.333333333333333,0.8666666666666666,5,1.0
notice_family,all,penalty_estimated_tax,1,1,1.0,1.0,1.0,1,1.0
notice_family,all,underreporter_deficiency,3,2,0.6666666666666666,2.2,0.7333333333333334,3,1.0
