doc_id,notice_code,notice_family,title,source_url,source_origin,source_format,heading_structure_present,verified_loaded,retrieved_at,priority_tier,download_status,cleaned_character_count,headings_found,content_hash
irs_cp01,CP01,identity_security,Understanding your CP01 notice,https://www.irs.gov/individuals/understanding-your-cp01-notice,IRS,html,yes,yes,2026-08-21,general,downloaded,5549,13,8ebc2f265f1c3447b5eebc2831944b9d69f1856088527e5c04c475b07155b874
irs_cp01a,CP01A,identity_security,Understanding your CP01A notice,https://www.irs.gov/individuals/understanding-your-cp01a-notice,IRS,html,yes,yes,2026-08-21,general,downloaded,4650,10,f45d0a569c3a119e3784d064ac2d228e1b0e0bfa2ce3a99aabcbafd515c8013d
irs_cp01c,CP01C,identity_security,Understanding your CP01C notice,https://www.irs.gov/individuals/understanding-your-cp01c-notice,IRS,html,yes,yes,2026-08-21,general,downloaded,4972,7,937975cd0692a574938d869346f14129ae8d78aa3164591103b01d754903b04a
irs_cp01e,CP01E,identity_security,Understanding your CP01E notice,https://www.irs.gov/individuals/understanding-your-cp01e-notice,IRS,html,yes,yes,2026-08-21,general,downloaded,7601,6,d5bb24e86bf20708acb880ffea36f7d5de7159dfc67f5eaca711e78e22a7e483
irs_cp01h,CP01H,identity_security,Understanding your CP01H notice,https://www.irs.gov/individuals/understanding-your-cp01h-notice,IRS,html,yes,yes,2026-08-21,general,downloaded,2959,7,f0fd79fe28f8ee259649dc075af5016e2ae460003f55eee9a202e31ffadabdda
irs_cp01s,CP01S,identity_security,Understanding your CP01S notice,https://www.irs.gov/individuals/understanding-your-cp01s-notice,IRS,html,yes,yes,2026-08-21,general,downloaded,3774,4,6da9e1313728c89e544f1ff42616ab7192a3e7a8c7ef44faf95a37433a055eb5
irs_cp02,CP02,credit_eligibility,Understanding your CP02 notice,https://www.irs.gov/individuals/understanding-your-cp02-notice,IRS,html,yes,yes,2026-08-21,general,downloaded,4010,10,872f409aaaeaf0656742f006e01a9bb8f8303c66b78df483132218c0fb591c10
irs_cp03,CP03,credit_eligibility,Understanding your CP03 notice,https://www.irs.gov/individuals/understanding-your-cp03-notice,IRS,html,yes,yes,2026-08-21,general,downloaded,5569,5,ed9f2e2ac56878de1ca2e3412aab2f5a1c7bebf5f5bfc6ae573f08c6af9153c9
irs_cp05,CP05,return_review,Understanding your CP05 notice,https://www.irs.gov/individuals/understanding-your-cp05-notice,IRS,html,yes,yes,2026-08-21,general,downloaded,3200,9,c85440743b05d8b537e6e3c48f1e18cf99a60ee8ac8f8e26b73c28e6c646a124
irs_cp05a,CP05A,return_review,Understanding your CP05A notice,https://www.irs.gov/individuals/understanding-your-cp05a-notice,IRS,html,yes,yes,2026-08-21,general,downloaded,4834,13,0a27567c8ebf9964feacbb9389be3647d794ffc08ab1f62baae5c46af8743368
irs_cp05b,CP05B,return_review,Understanding your CP05B notice,https://www.irs.gov/individuals/understanding-your-cp05b-notice,IRS,html,yes,yes,2026-08-21,general,downloaded,4937,10,5c1467194885b16b058da9e058fb5ca79be1fce4df0faeffad96acc591c02f66
irs_cp06_cp06a,CP06/CP06A,audit_credit_review,Understanding your CP06/CP06A notice,https://www.irs.gov/individuals/understanding-your-cp06-cp06a-notice,IRS,html,yes,yes,2026-08-21,general,downloaded,6634,15,c8f8404769e890fa96c8d8be7af2600b9675a25f607a9d0709d39032b50ecf76
irs_cp11,CP11,return_adjustment,Understanding your CP11 notice,https://www.irs.gov/individuals/understanding-your-cp11-notice,IRS,html,yes,yes,2026-08-21,general,downloaded,6024,10,81533682e49bfe16266619fe75006504854a89cfe00313dd8527fb8fa14063df
irs_cp12,CP12 series,return_adjustment,Understanding your CP12 notice,https://www.irs.gov/individuals/understanding-your-cp12-notice,IRS,html,yes,yes,2026-08-21,general,downloaded,5275,8,25916f2507cf33c5be26f99e3067019db9209ea236bb69885c2cd398e392e260
irs_cp12g_cp12u,CP12G/CP12U,return_adjustment,Understanding your CP12G or CP12U notice,https://www.irs.gov/individuals/understanding-your-cp12g-or-cp12u-notice,IRS,html,yes,yes,2026-08-21,general,downloaded,3965,10,01bb6834fa4ec05e1ef731fed22de15a13f9db9f66ecfdf17eb3c03a95d0cd74
irs_cp13,CP13,return_adjustment,Understanding your CP13 notice,https://www.irs.gov/individuals/understanding-your-cp13-notice,IRS,html,yes,yes,2026-08-21,general,downloaded,4975,8,a0c58d04b87b5335deaa616123fb7f9756953c106835847b4d7e292a367a6573
irs_cp14,CP14,balance_collection,Understanding your CP14 notice,https://www.irs.gov/individuals/understanding-your-cp14-notice,IRS,html,yes,yes,2026-08-21,core,downloaded,4891,8,78ce18b8e47f5a4969c04b7e64a488f62f83ca0f99af653210cf3f7cd16ab979
irs_cp16,CP16,refund_offset,Understanding your CP16 notice,https://www.irs.gov/individuals/understanding-your-cp16-notice,IRS,html,yes,yes,2026-08-21,general,downloaded,6217,12,15787a709727165f5087d4c40dab2dbd0c3186b3ac00a7a287ca8b6c0300ef51
irs_cp24,CP24 series,return_adjustment,Understanding your CP24 notice,https://www.irs.gov/individuals/understanding-your-cp24-notice,IRS,html,yes,yes,2026-08-21,general,downloaded,6155,15,00dc7b34a0fe1f3ea6729365de37000c5893e3622ea8400920182ff79b0369f5
irs_cp30,CP30,penalty_estimated_tax,Understanding your CP30 notice,https://www.irs.gov/individuals/understanding-your-cp30-notice,IRS,html,yes,yes,2026-08-21,general,downloaded,5253,11,189303de231f9970a47bcc30aa93cc21f0f70242d111cebce00663fdb767b88d
irs_cp44,CP44,refund_offset_review,Understanding your CP44 notice,https://www.irs.gov/individuals/understanding-your-cp44-notice,IRS,html,yes,yes,2026-08-21,general,downloaded,1934,8,44ef1e156cc1071fa79ad405754be0f1f087e6e48c02318ed287b9613a5814fb
irs_cp49,CP49,refund_offset,Understanding your CP49 notice,https://www.irs.gov/individuals/understanding-your-cp49-notice,IRS,html,yes,yes,2026-08-21,general,downloaded,4627,14,bbb6e6bb6581364d45cb5844eef796be9bf4457d3a01c876f07f508cc2c137de
irs_cp59,CP59,non_filer,Understanding your CP59 notice,https://www.irs.gov/individuals/understanding-your-cp59-notice,IRS,html,yes,yes,2026-08-21,core,downloaded,6377,8,d4dda5bb840e37abf06a88add9aacd03d0ab3cd65e200aa48714e0caeb8ed182
irs_cp63,CP63,non_filer,Understanding your CP63 notice,https://www.irs.gov/individuals/understanding-your-cp63-notice,IRS,html,yes,yes,2026-08-21,core,downloaded,4540,12,6a2fa914467f13afe7632e5073543ca6bb518250d88b921cee072a51a5c948be
irs_cp71a,CP71A,balance_collection,Understanding your CP71A notice,https://www.irs.gov/individuals/understanding-your-cp71a-notice,IRS,html,yes,yes,2026-08-21,general,downloaded,4576,8,3ffcefbe507523e9ae307a75d030ce7e768f4c705031471f94cb1e742aa510f1
irs_cp90,CP90,levy_cdp,Understanding your CP90 notice,https://www.irs.gov/individuals/understanding-your-cp90-notice,IRS,html,yes,yes,2026-08-21,core,downloaded,3618,10,785378fbd5ab8d8e8821b3132019cb1e10fb34946063179d5e029a779db935de
irs_cp101,CP101,business_return_adjustment,Understanding your CP101 notice,https://www.irs.gov/individuals/understanding-your-cp101-notice,IRS,html,yes,yes,2026-08-21,general,downloaded,4718,7,882c9e5711c144fb352873f2d3f05e78ee97fcaf024133f5a228d3a9a27e63ec
irs_cp102,CP102,business_return_adjustment,Understanding your CP102 notice,https://www.irs.gov/individuals/understanding-your-cp102-notice,IRS,html,yes,yes,2026-08-21,general,downloaded,4151,7,2ab1d365a273a64d0db017f4a8f0e3b772087a95878cd68c2e2954e5c568938f
irs_cp103,CP103,business_return_adjustment,Understanding your CP103 notice,https://www.irs.gov/individuals/understanding-your-cp103-notice,IRS,html,yes,yes,2026-08-21,general,downloaded,4659,13,232790730a134bb79ee490aeef579c831bcf5d361870a60257be444494fbda16
irs_cp106,CP106,business_return_adjustment,Understanding your CP106 notice,https://www.irs.gov/individuals/understanding-your-cp106-notice,IRS,html,yes,yes,2026-08-21,general,downloaded,2018,7,208644709a29623cc1d298a9be7832633fec0bd6a8d6fcd42901c7d317875902
irs_cp120,CP120,tax_exempt_status,Understanding your CP120 notice,https://www.irs.gov/individuals/understanding-your-cp120-notice,IRS,html,yes,yes,2026-08-21,general,downloaded,2324,8,4f9bc29aca316d71beb64ad00ec82509c9d1339bfc9df6eb52b2ec2c6a500e84
irs_cp131,CP131,business_return_adjustment,Understanding your CP131 notice,https://www.irs.gov/individuals/understanding-your-cp131-notice,IRS,html,yes,yes,2026-08-21,general,downloaded,3276,9,138f6bdad56843a7281d6cb7a3336154e984aed66321a54c6a8b236408a54701
irs_cp2000_series,CP2000 series,underreporter_deficiency,Understanding your CP2000 series notice,https://www.irs.gov/individuals/understanding-your-cp2000-series-notice,IRS,html,yes,yes,2026-08-21,core,downloaded,7252,14,d6f285da4b37bbdbbfce25b81bafe432c2b6dc1733529f7ab1394993312f7c04
irs_cp2501,CP2501,underreporter_deficiency,Understanding your CP2501 notice,https://www.irs.gov/individuals/understanding-your-cp2501-notice,IRS,html,yes,yes,2026-08-21,core,downloaded,6760,16,6b55653813b312bd2209d4d098981cae423a24c498fe0590a9a723983b0aaf29
irs_cp2566,CP2566,non_filer,Understanding your CP2566 notice,https://www.irs.gov/individuals/understanding-your-cp2566-notice,IRS,html,yes,yes,2026-08-21,core,downloaded,5833,11,998c84e9c6652a59572906337a24cd3f3219e4874a7b9561126d691816c62205
irs_cp2566r,CP2566R,non_filer,Understanding your CP2566R notice,https://www.irs.gov/individuals/understanding-your-cp2566r-notice,IRS,html,yes,yes,2026-08-21,core,downloaded,6009,11,70465931ff053c13411476ea5164a99e4c999a9bd679f000288fc82bd83fedcc
irs_cp297,CP297,levy_cdp,Understanding your CP297 notice,https://www.irs.gov/individuals/understanding-your-cp297-notice,IRS,html,yes,yes,2026-08-21,core,downloaded,2978,7,034b2f7d88fa767adf25229dca93be55cbd932f7d1045405cb58c4df2be3cbb3
irs_cp303,CP303,identity_security,Understanding your CP303 notice,https://www.irs.gov/individuals/understanding-your-cp303-notice,IRS,html,yes,yes,2026-08-21,general,downloaded,1884,7,b6a03d599e21412f3672a0c704153b61ed3de270d97672b27eb95e3c2233e2dc
irs_cp3219a,CP3219A,underreporter_deficiency,Understanding your CP3219A notice,https://www.irs.gov/individuals/understanding-your-cp3219a-notice,IRS,html,yes,yes,2026-08-21,core,downloaded,10983,23,387c86d375fd31e44dce03c164de9e1199ad9791d01d846b9a7d82492bb9d5e0
irs_cp3219n,CP3219N,non_filer,Understanding your CP3219N notice,https://www.irs.gov/individuals/understanding-your-cp3219n-notice,IRS,html,yes,yes,2026-08-21,core,downloaded,7876,14,1ceb71d4c6aa8e6bcbe14e7eb0449f238ceebf2a061516726fef133fc31452da
irs_cp400_cp401,CP400/CP401,appeals,Understanding your CP400 and CP401 notice,https://www.irs.gov/individuals/understanding-your-cp400-and-cp401-notice,IRS,html,yes,yes,2026-08-21,general,downloaded,3780,6,c0f4674aef9e11c3260b68017efad07bca7b5fb8f4d90eef74567f6d52472739
irs_cp501,CP501,balance_collection,Understanding your CP501 notice,https://www.irs.gov/individuals/understanding-your-cp501-notice,IRS,html,yes,yes,2026-08-21,core,downloaded,5052,7,e012c5dcd1319d70971b7edf9f5c3b96ab9c7feb210bba20326f338ee41ab860
irs_cp503,CP503,balance_collection,Understanding your CP503 notice,https://www.irs.gov/individuals/understanding-your-cp503-notice,IRS,html,yes,yes,2026-08-21,core,downloaded,4158,10,bbf0357d96786bc78d3ca1d3786687cdbdff1d577f1cb1b7bd9cd7e4fbbea086
irs_cp504,CP504,balance_collection,Understanding your CP504 notice,https://www.irs.gov/individuals/understanding-your-cp504-notice,IRS,html,yes,yes,2026-08-21,core,downloaded,6003,9,24446ec3cdec645c3f00a8ecbb828652f2152c7e92c2ab2b5e8e4130b704d0ea
irs_cp515,CP515,non_filer,Understanding your CP515 notice,https://www.irs.gov/individuals/understanding-your-cp515-notice,IRS,html,yes,yes,2026-08-21,core,downloaded,5850,8,57b8d1ec626e53517e3d99852b0a434d54e630bddafd14819671007b6ae23f8b
irs_cp518,CP518,non_filer,Understanding your CP518 notice,https://www.irs.gov/individuals/understanding-your-cp518-notice,IRS,html,yes,yes,2026-08-21,core,downloaded,5326,9,a6ac9cd86d7b062dd6ab56273e2a110c46643e21dfb62b38d02a53f03cfbd7ef
irs_cp521,CP521,installment_agreement,Understanding your CP521 notice,https://www.irs.gov/individuals/understanding-your-cp521-notice,IRS,html,yes,yes,2026-08-21,core,downloaded,2322,4,25e739d413f8ec76a6d5f52f31e2c390f5064fd4d5bf34977398e2038a61f68b
irs_cp523,CP523,installment_agreement,Understanding your CP523 notice,https://www.irs.gov/individuals/understanding-your-cp523-notice,IRS,html,yes,yes,2026-08-21,core,downloaded,3777,8,48f0034d5b56142183017d2a05fde2f54a87d213eb638b9e789ef0e71210bbb6
irs_cp540,CP540,backup_withholding,Understanding your CP540 notice,https://www.irs.gov/individuals/understanding-your-cp540-notice,IRS,html,yes,yes,2026-08-21,general,downloaded,3938,12,e493f92da2b603c958e67d33da2f369aa830d70439c88d8b5fc1fd087f9f84bf
irs_lt11_1058,LT11 / Letter 1058,levy_cdp,Understanding your LT11 notice or letter 1058,https://www.irs.gov/individuals/understanding-your-lt11-notice-or-letter-1058,IRS,html,yes,yes,2026-08-21,core,downloaded,4972,8,69a8c005afffff70b4fd57866ac86143db6fd0faa98e8ba90f4c156bc8bb3708
